,name,lugar_extraido
0,Shakira,pagina_artistas_famosos
1,Juanes,pagina_artistas_famosos
2,Mateo Camargo,pagina_artistas_famosos
3,Alfredo Gutierrez,pagina_artistas_famosos
4,Alex González,pagina_artistas_famosos
5,John Leguizamo,pagina_artistas_famosos
6,Andrés Cepeda,pagina_artistas_famosos
7,Gabriel García Márquez,pagina_artistas_famosos
8,José Rodrigo Arango,pagina_artistas_famosos
9,Miguel Bosé,pagina_artistas_famosos
10,Fonseca,pagina_artistas_famosos
11,Fanny Lú,pagina_artistas_famosos
12,Joe Arroyo,pagina_artistas_famosos
13,Marbelle,pagina_artistas_famosos
14,Diomedes Díaz,pagina_artistas_famosos
15,Jorge Celedón,pagina_artistas_famosos
16,Catalina Sandino Moreno,pagina_artistas_famosos
17,Silvestre Dangond,pagina_artistas_famosos
18,Jean Carlos Centeno,pagina_artistas_famosos
19,Andrés Cabas,pagina_artistas_famosos
20,Carlos Vives,pagina_artistas_famosos
21,Jorge Oñate,pagina_artistas_famosos
22,Carolina la O,pagina_artistas_famosos
23,Natalia Hernández Botero,pagina_artistas_famosos
24,Ivan Villazon,pagina_artistas_famosos
25,Fernando Osorio,pagina_artistas_famosos
26,Maía,pagina_artistas_famosos
27,Piero De Benedictis,pagina_artistas_famosos
28,Israel Romero,pagina_artistas_famosos
29,Ilona,pagina_artistas_famosos
30,Naëla,pagina_artistas_famosos
31,Andrea Echeverri,pagina_artistas_famosos
32,J Balvin,pagina_artistas_famosos
33,Héctor Buitrago,pagina_artistas_famosos
34,Farina,pagina_artistas_famosos
35,Rafael Orozco Maestre,pagina_artistas_famosos
36,Edmar Castañeda,pagina_artistas_famosos
37,Totó la Momposina,pagina_artistas_famosos
38,Kaleth Morales,pagina_artistas_famosos
39,Jose Gaviria,pagina_artistas_famosos
40,Annie McCausland,pagina_artistas_famosos
41,Iván Gutiérrez,pagina_artistas_famosos
42,Alex Campos,pagina_artistas_famosos
43,Kike Santander,pagina_artistas_famosos
44,Tatiana Fuentes,pagina_artistas_famosos
45,Mayra Alejandra Gomez Rodriguez,pagina_artistas_famosos
46,Andrés Useche,pagina_artistas_famosos
47,Estéfano,pagina_artistas_famosos
48,Juan Carlos Coronel,pagina_artistas_famosos
49,Emiliano Zuleta,pagina_artistas_famosos
50,Samuel Torres,pagina_artistas_famosos
51,Jorge Villamizar,pagina_artistas_famosos
52,Lincoln Palomeque,pagina_artistas_famosos
53,Rafael Escalona,pagina_artistas_famosos
54,Sara Tunes,pagina_artistas_famosos
55,Orlando Sandoval,pagina_artistas_famosos
56,John Paul Ospina,pagina_artistas_famosos
57,Peter Manjarres,pagina_artistas_famosos
58,Ivonne Guzmán,pagina_artistas_famosos
59,Aztek Escobar,pagina_artistas_famosos
60,Charlie Zaa,pagina_artistas_famosos
61,Colacho Mendoza,pagina_artistas_famosos
62,Mateo Carvajal,pagina_artistas_famosos
63,Alejo Durán,pagina_artistas_famosos
64,Cholo Valderrama,pagina_artistas_famosos
65,Pablo Borbón,pagina_artistas_famosos
66,Robin del Castillo,pagina_artistas_famosos
67,Pablo Mejia Bermudez,pagina_artistas_famosos
68,Juan David M. Castaño,pagina_artistas_famosos
69,Juancho De la Espriella,pagina_artistas_famosos
70,Itagui Correa,pagina_artistas_famosos
71,Jairo Varela,pagina_artistas_famosos
72,Lucas Arnau,pagina_artistas_famosos
73,Meli Carabali,pagina_artistas_famosos
74,Billy Pontoni,pagina_artistas_famosos
75,Dann Visbal,pagina_artistas_famosos
76,Checo Acosta,pagina_artistas_famosos
77,Alberto Barros,pagina_artistas_famosos
78,Dionisio Yepes,pagina_artistas_famosos
79,Rafael Puyana,pagina_artistas_famosos
80,Tache,pagina_artistas_famosos
81,Jota,pagina_artistas_famosos
82,Santiago Cruz,pagina_artistas_famosos
83,Juan Garcia-Herreros,pagina_artistas_famosos
84,Nicolás Hernández,pagina_artistas_famosos
85,Manuel Antonio García,pagina_artistas_famosos
86,Pipe Bueno,pagina_artistas_famosos
87,Javier Vinasco,pagina_artistas_famosos
88,Paula Zuleta,pagina_artistas_famosos
89,Gustavo Santander,pagina_artistas_famosos
90,Javier Delgado,pagina_artistas_famosos
91,Gustavo Quintero,pagina_artistas_famosos
92,Lelo,pagina_artistas_famosos
93,Pacho Galan,pagina_artistas_famosos
94,Carolina Herrera,pagina_artistas_famosos
95,Leonor Gonzalez Mina,pagina_artistas_famosos
96,Margarita Vargas,pagina_artistas_famosos
97,Juan David Huertas Clavijo,pagina_artistas_famosos
98,Jairo Herrera,pagina_artistas_famosos
99,Juan Fernández,pagina_artistas_famosos
100,Gabriel Torregrosa,pagina_artistas_famosos
101,Rafael Rodríguez,pagina_artistas_famosos
102,Fredys Arrieta,pagina_artistas_famosos
103,Alejandro Palacio,pagina_artistas_famosos
104,David Escobar Gallego,pagina_artistas_famosos
105,8bm - 8bits Memory,bomm
106,Ácido Pantera,bomm
107,Afro Legends,bomm
108,Agrupación Guarura,bomm
109,Aka Rezzo,bomm
110,Alea,bomm
111,Alejandro Zuluaga Machado,bomm
112,Alessandro D,bomm
113,Alma Negra,bomm
114,Alto Grado,bomm
115,"Amín Castellanos ""el Catire""",bomm
116,Anatómico,bomm
117,Ancestral Beats,bomm
118,Andy Palabras,bomm
119,Ángela Pico,bomm
120,Angelica Nor,bomm
121,Anna Zechini,bomm
122,Antonio Arnedo y Sam Farley,bomm
123,Apache,bomm
124,,bomm
125,Armenia,bomm
126,Blackie & Lois,bomm
127,Blackmulatto,bomm
128,Blees,bomm
129,Boca De Serpiente,bomm
130,Böjo,bomm
131,Boybek,bomm
132,Brina Quoya,bomm
133,BUHA 2030,bomm
134,Buha 2030,bomm
135,Burning Caravan,bomm
136,Cafeto Blues,bomm
137,Camargo,bomm
138,Caravanchela,bomm
139,Carlos Elliot,bomm
140,Catalina Avila,bomm
141,César Avila,bomm
142,Chalupa Travel,bomm
143,Chelo La Cabra,bomm
144,Chontadelia,bomm
145,Cimarrón,bomm
146,Cínico Lesivo,bomm
147,Coco Mano,bomm
148,Conjuro Epileptico,bomm
149,Cosmofónica,bomm
150,Da Five Pri,bomm
151,Daniel Castillo,bomm
152,Daniel Dussan,bomm
153,Danta,bomm
154,David Acuña,bomm
155,David Ordoñez,bomm
156,Dawer X Damper,bomm
157,DAWER X DAMPER,bomm
158,Dbisontes,bomm
159,De Bruces A Mí,bomm
160,Demarchi,bomm
161,Dennis Fernando,bomm
162,Denuedo,bomm
163,Desierto Sonora,bomm
164,Diana Burco,bomm
165,Dino Manuelle,bomm
166,Discordia,bomm
167,Dj Km1kc,bomm
168,Dosis Margarita,bomm
169,Dr Honey,bomm
170,Duo Alcaravan,bomm
171,Duplat,bomm
172,Ed Keziah,bomm
173,Eduardo Kouneli,bomm
174,Ekhymosis,bomm
175,El Clan Del Solar,bomm
176,El Cuatro,bomm
177,El Kalvo,bomm
178,El Sacro,bomm
179,El Tuyero Ilustrado,bomm
180,El Yopo,bomm
181,Elorik,bomm
182,En Vela,bomm
183,Enneatype,bomm
184,Ensamble Baquiano,bomm
185,Espiral7,bomm
186,Estación Caribe,bomm
187,Esteban Mick,bomm
188,F15,bomm
189,Federico Franco,bomm
190,Ferales,bomm
191,Fialo,bomm
192,Frank Takuma,bomm
193,Free Stayla,bomm
194,Fruko,bomm
195,Gamall,bomm
196,Gato Loko,bomm
197,Gavilla Changoreta,bomm
198,Ghetto Kumbé,bomm
199,Gletcher,bomm
200,Gordos Project,bomm
201,Gregorio Uribe,bomm
202,Grupo Mi Raza,bomm
203,Haffid,bomm
204,Harbey Urueña / Grupo,bomm
205,Hendrix B,bomm
206,HerejÍa,bomm
207,Invernadero,bomm
208,Iusef,bomm
209,Jack N' Grass,bomm
210,Jahia Uncan,bomm
211,Jaison Neutra,bomm
212,Jet Lag,bomm
213,Jet-set-maní,bomm
214,Job Saas & The Heartbeat,bomm
215,Juan Astonauta,bomm
216,Juancho Gutiérrez,bomm
217,Julio Victoria,bomm
218,Kalido Time,bomm
219,Keke Minowa,bomm
220,Kexxy Pardo,bomm
221,Kid Fresco,bomm
222,KoKodrilo,bomm
223,Kombilesa Mí,bomm
224,Kora Karuna,bomm
225,La Beat Machine,bomm
226,La Chiva Gantiva,bomm
227,La Mano De Parisi,bomm
228,La Matilda,bomm
229,La Muchacha Isabel,bomm
230,La Puttanesca,bomm
231,La Real Del Sonido,bomm
232,La Severa Matacera,bomm
233,La Sociedad De La Sombrilla,bomm
234,La Sonora Mazurén,bomm
235,La-33,bomm
236,,bomm
237,Lalo Ebratt,bomm
238,Latenaz,bomm
239,Laura Pérez,bomm
240,Laura Román,bomm
241,Le Big Sur,bomm
242,Lee Eye,bomm
243,León Giraldo,bomm
244,Lika Nova,bomm
245,Lina Sanabria,bomm
246,Linda Habitante,bomm
247,Lo Ke Diga El Dedo,bomm
248,Lo Mismo Decían De Juana,bomm
249,Locco Inc.,bomm
250,Lois Neira,bomm
251,Los Neuronas,bomm
252,Los Reyes De La Champeta,bomm
253,Los Rolling Ruanas,bomm
254,Los Vidriosos,bomm
255,Los Yoryis,bomm
256,Lospetitfellas,bomm
257,Lucille Dupin,bomm
258,Lukas KasKas,bomm
259,Lunalé,bomm
260,Mad Tree,bomm
261,Mankind,bomm
262,Mano Armada,bomm
263,Manteca Blue & The Latin Corner,bomm
264,Manuela Mejía,bomm
265,Manyoma Brothers,bomm
266,María Cristina Plata,bomm
267,María Escobar,bomm
268,Maria McCausland,bomm
269,María Vanedi,bomm
270,Marow,bomm
271,Mary Jane,bomm
272,Matar Fuma,bomm
273,Mc Blay,bomm
274,Mente Orgánica,bomm
275,Mística,bomm
276,Mnkybsnss,bomm
277,Mónica Giraldo,bomm
278,MoÜgli,bomm
279,MR. KLAJE,bomm
280,Muerto En Acapulco,bomm
281,Mulato Y La Quema,bomm
282,Nat Bieler,bomm
283,Nauj Project,bomm
284,Nefelibata,bomm
285,Nicolas Delgado Quartet,bomm
286,No Le Digan A Diego,bomm
287,Noelia Maffiold,bomm
288,Nvoz Banda Vocal,bomm
289,Nvoz Banda Vocal,bomm
290,Oh MargÓ,bomm
291,Oh'laville,bomm
292,Okraa,bomm
293,Pabo Watusi,bomm
294,Pantoja,bomm
295,Pao Calderon,bomm
296,Paraísos,bomm
297,Paula Pera y el fin de los Tiempos,bomm
298,Paula van Hissenhoven,bomm
299,Pavlo,bomm
300,Phonoclórica,bomm
301,Pibes Bambuqueros,bomm
302,Pirineos En Llamas,bomm
303,Plu con Plá,bomm
304,Prophet Negus And The Prediction,bomm
305,Puente Aéreo,bomm
306,Puerto Arena,bomm
307,Puerto Candelaria,bomm
308,Quinteto Leopoldo Federico,bomm
309,Radio Bembé,bomm
310,Radio Paila,bomm
311,REALIDAD MENTAL,bomm
312,Realidad Mental,bomm
313,Retórica Rima,bomm
314,Rex Marte,bomm
315,Riffle,bomm
316,Rizomagic,bomm
317,Salsangroove,bomm
318,Santiago Navas,bomm
319,Santiago Sandoval,bomm
320,Sara Acero,bomm
321,SARA ACERO,bomm
322,Señor Naranjo,bomm
323,Shonny & El Hijo Del Búho,bomm
324,Solange Prat,bomm
325,Solo Valencia,bomm
326,Somer,bomm
327,SOMER,bomm
328,,bomm
329,Sonoras Mil,bomm
330,Soy Emilia,bomm
331,Spektra De La Rima,bomm
332,Sr Pablo,bomm
333,Steffig Raff,bomm
334,Subantrópico,bomm
335,Tambor Hembra,bomm
336,Tamezz,bomm
337,Telebit,bomm
338,The Mills,bomm
339,The Negro Tapes,bomm
340,The Virginia Valley,bomm
341,Tommy Devia,bomm
342,TONADA,bomm
343,Tonada,bomm
344,ToÑo Barrio,bomm
345,Trebslide,bomm
346,Tribu Baharú,bomm
347,Tropickup,bomm
348,Tsh Sudaca,bomm
349,Urpi Barco,bomm
350,Volcán,bomm
351,Wahari,bomm
352,"Wilson Manyoma ""saoko""",bomm
353,Xavier,bomm
354,Xavier Martinex,bomm
355,Yera,bomm
356,Yoni Teran,bomm
357,Yooko,bomm
358,Zafat,bomm
359,Zalama Crew,bomm
360,Zatélithe,bomm
361,Zultan,bomm
362,Ensamble musical casa de la cultura San Alberto,simus
363,Charlie Rueda & The Jazzmorgans ,simus
364,Gente pescaito,simus
365,los Andes,simus
366,CORO MUNICIPAL DE  MALAMBO,simus
367,CORO ATRES,simus
368,A TRES TRIO,simus
369,CUERPO Y ALMA LATIN ROCK BAND,simus
370,banda escuela 16 de julio,simus
371,gaita casa de la cultura de san estanislao,simus
372,"EFAM ""ARTEODORO MORA""",simus
373,Banda SInfonica COMARCA ,simus
374,GAITAMARA,simus
375,Banda Juvenil de Nuevo Colón ,simus
376,Coral Municipal Voces del Caribe ,simus
377,AGRUPACIÓN FOLCLÓRICA BULLERENGUE PA´VENDE,simus
378,Banda Sinfónica Infantil,simus
379,Banda Sinfónica Juvenil,simus
380,Coro Infantil y juvenil,simus
381,Tuna juvenil ,simus
382,MANIGUA,simus
383,Banda Escuela de Viento,simus
384,K-JUCHES,simus
385,Orquesta Sinfónica Infantil y Juvenil de Siloé,simus
386,RUMBALQUEÑA,simus
387,Eduardo Bandola,simus
388,COLOMBITA,simus
389,Buenos Aires Tango Quinteto,simus
390,La Rasca Tropical Andina,simus
391,Tamborimba,simus
392,Son de CaSa,simus
393,YÁ SON SABOR,simus
394,Coro Filarmónico Juvenil,simus
395,Trío de Ida y Vuelta,simus
396,Los Paisanos de la Carranga,simus
397,Ensamble de Guitarras,simus
398,"Grupo de Tamboras ""A candela Viva""",simus
399,"Agrupación  de música tropical ""TropiSwing""",simus
400,Banda Sinfónica de Aratoca,simus
401,Viajeros,simus
402,Legend Wars,simus
403,Latido Artificial,simus
404,Quijotadas Cuarteto Instrumental,simus
405,sonidos de paz,simus
406,semillero sonidos de paz,simus
407,Banda de viento infantil municipio de paicol,simus
408,SAGA ENSAMBLE,simus
409,Trío Café Antaño,simus
410,Grupo Show Crossover,simus
411,Fiesta Imperial,simus
412,GRUPO CAÑA Y CHONTA,simus
413,the project blues,simus
414,Ronin Agrupación Musical,simus
415,ASOCIACIÓN CORAL SOGAMOSEÑA,simus
416,Orquesta Filarmónica Juvenil de Santander,simus
417,bandajes ,simus
418,TALLER CULTURAL SOLSTICIO,simus
419,MAR DE LEVA,simus
420,Resonancias,simus
421,Illary,simus
422,Ácido Pantera,simus
423,CUARTETO DE SAXOFONES DEL ALTIPLANO,simus
424,ORQUESTA SINFONICA INFANTIL JUVENIL IED COLEGIO TOBERIN,simus
425,Mulambo Ensamble,simus
426,Dasein,simus
427,THE CRIOLLOS,simus
428,LA MAREJADA,simus
429,MANIGUA ROCK MESTIZO,simus
430,Los Guatis,simus
431,Estrellas del Silencio,simus
432,CORO JUVENIL LA CUERDA,simus
433,PUERTO ARENA ,simus
434,D'POCKERS,simus
435,ARBORE,simus
436,SIN LIMITES ORQUESTA,simus
437,El Sueño del Maestro Big Band,simus
438,GEMINIS RELOADED,simus
439,LA SONIDERA,simus
440,Mao Escobar Arias,simus
441,Adjazzentes,simus
442,Chimo Psicodelico,simus
443,Grupo Vocal Mixto Tayarú,simus
444,Treffy & La Quijote Band,simus
445,Cristian Castañeda,simus
446,DESORDEN SOCIAL ,simus
447,El Moro,simus
448,CONVICT3D,simus
449,CORO MUNICIPAL DE SOACHA,simus
450,Grupo de Pop,simus
451,Riot Alert,simus
452,Pre ensamble de cuerdas frotadas,simus
453,Pre-Banda Municipal de Soacha,simus
454,Banda Sinfónica Municipal de Soacha  ,simus
455,Mariachi Huasteca de Manizales,simus
456,Royal Class,simus
457,GRUPO HERENCIAS,simus
458,Bandas Musicales Especiales Estudiantiles de Soacha,simus
459,ENSAMBLE DE CUERDAS PULSADAS DEL MUNICIPIO DE SOACHA,simus
460,BANDA DE VIENTOS INSTITUCION EDUCATIVA SANTA MARTHA,simus
461,NUROCK Group Colombia,simus
462,Colectivo Musikpro,simus
463,Los Rolling Ruanas ,simus
464,CORAZÓN SANTANDEREANO,simus
465,CORO ANGELLUS IEC MISERICORDIAS,simus
466,CORO CELESTA,simus
467,AGRUPACION CORAL SUASI,simus
468,Banda Municipal Nueva Generación ,simus
469,Vingus Band,simus
470,Estudiantina San Antonio,simus
471,Alibombo,simus
472,Harbey Urueña - Grupo,simus
473,Irissintética ,simus
474,Mitú,simus
475,Meridian Brothers,simus
476,La Perla,simus
477,Orquesta colombiana de bandolas,simus
478,Litoral Ensamble,simus
479,Orquesta Barroca de Bogotá,simus
480,Sexteto Gamerano y el Legado de Magín Díaz,simus
481,Grupo Gualajo ,simus
482,Tuna Navarra,simus
483,KIMBARA ORQUESTA,simus
484,Oh'laville,simus
485,Montaña,simus
486,CUARTETO DE CLARINETES DE BOGOTÁ,simus
487,Quinteto Leopoldo Federico,simus
488,Huari,simus
489,APHANGAK,simus
490,Ra La Culebra,simus
491,Cumbia Caribe ,simus
492,La Mambanegra,simus
493,Orquesta de Cuerdas Pulsadas de Santander,simus
494,TARMAC,simus
495,Magistrado Tocineta,simus
496,ZALAMA CREW,simus
497,Romperayo,simus
498,CBB & The Roosters,simus
499,Harawí,simus
500,Arrabalero,simus
501,JL BASSMAN,simus
502,CEFERINA BANQUEZ Y SUS CANTOS ANCESTRALES DE GUAMANGA,simus
503,Ensamble Macondo,simus
504,PROYECTO MOZART,simus
505,JARANATAMBO,simus
506,Fundación Bullerenguera Palmeras de Urabá,simus
507,Akorde musik,simus
508,Old House,simus
509,REC,simus
510,Locotina,simus
511,Banda Vocal NVoz,simus
512,Tuna Femenina Universidad de Los Andes,simus
513,Julian Benavides,simus
514,Miseria Crú,simus
515,Manuel De la Rosa,simus
516,Cachicamo,simus
517,Adrián Una Canción Necesaria,simus
518,Para: lello,simus
519,Ana Naranja,simus
520,Casa de fado,simus
521,Tubotoa,simus
522,Grupo Seresta,simus
523,Agrupación Nueva - Era,simus
524,Luinn ,simus
525,æire irlandés,simus
526,Santy Clap,simus
527,Culturaleza,simus
528,Grupo Tierra del Fuego ,simus
529,CUNA GUANE,simus
530,Savia ,simus
531,Alma y Tradición,simus
532,Traveler,simus
533,Maria Juana No Se Ha Muerto,simus
534,Banda Sinfonica de Girardota,simus
535,Banda sinfonica de Girardota,simus
536,Aguaelulo trío,simus
537,Batucada Bembé,simus
538,Jaison neutra ,simus
539,Larvante,simus
540,La Big Bang Music,simus
541,Orquesta La Gozadera,simus
542,Los Cumbia Stars,simus
543,ADIVARIUS,simus
544,Colombia Canta y Encanta,simus
545,Kanthores,simus
546,BAHIA CHAMPETA,simus
547,BANDA 13 ENERO,simus
548,Caña Flecha,simus
549,ACADEMIA LORANA DE ARTES,simus
550,Estilo Sinú,simus
551,ETNIK DANZA,simus
552,Mario and Boris,simus
553,SEXTETO DEL SILENCIO,simus
554,LA PITADORA BRASS MUSIC ,simus
555,JOCHE MEZA,simus
556,GRUPO OTRAPARTE,simus
557,Sonata Urbana,simus
558,GRUPO AYAJAR,simus
559,Trío Picaporte,simus
560,Chimó Psicodélico,simus
561,Caravanchela,simus
562,"Pá, Pararam",simus
563,SR. MACANA,simus
564,DADANOYS,simus
565,ESE Trio,simus
566,DANYU,simus
567,María Barilla,simus
568,Banda de Flautas Chicha y Guarapo,simus
569,LABORATORIO MUSICAL,simus
570,Alijuna,simus
571,Totacera,simus
572,La BOA,simus
573,Las Cinco Puntas ,simus
574,Batucada Bembé,simus
575,Grupo Élite,simus
576,Serenada,simus
577,Resonar Lab,simus
578,La Mucura,simus
579,Radiosónica,simus
580,Yuma Kirtan,simus
581,Zendas,simus
582,Sr.groove,simus
583,Provincia Costanera,simus
584,Alejo García,simus
585,MOIRAS,simus
586,Golpe Malibú,simus
587,Suamox Producciones Interculturales,simus
588,Militantex,simus
589,La Bohème Band,simus
590,Luis Ardila Ensanble,simus
591,El Gran Latido Sound System,simus
592,Nuestras Voces,simus
593,Alé Kumá,simus
594,Despedidos Ska/Fusión,simus
595,La Funk Organisation,simus
596,VOX FRACTAL,simus
597,Oleos de mi tierra,simus
598,Abel Loterstein,simus
599,Hermanos Uribe,simus
600,Latin Latas ,simus
601,CANDELARIA BIG BAND,simus
602,Atemporánea cuarteto de guitarras,simus
603,Cantoverde,simus
604,EKA Y LOS GORDOM,simus
605,La Temblequera,simus
606,Nybram,simus
607,Son del Valle Internacional,simus
608,Omar Raven,simus
609,PAPÁ BOCÓ,simus
610,SIHUAR,simus
611,La Chinamenta de Susana la gusana,simus
612,EL ANGEL EXTERMINADOR,simus
613,MusicJOS,simus
614,Yahbra,simus
615,Santo Son,simus
616,Gil de gils,simus
617,MARAWE,simus
618,MACONDA,simus
619,KOMBILESA MI,simus
620,MARAWE,simus
621,BRONX CLUB,simus
622,SANKOFA TRÍO,simus
623,La Gran resbalosa,simus
624,Taller de Retazos,simus
625,SoundSax,simus
626,Colectivo Triquiñuela,simus
627,Orquesta Sinfonica EAFIT ,simus
628,Lion Reggae ,simus
629,LA BEMBA,simus
630,EMBERAWERA,simus
631,Los Cocodrilos Vallenatos,simus
632,Grupo de tamboras de la escuela de música,simus
633,Pre-banda JUvenil,simus
634,NAIOT,simus
635,the bosi ,simus
636,Chirimía Infantil,simus
637,CocóNonó ,simus
638,Diego Trujillo Franco,simus
639,banda sinfonica luis variara,simus
640,CORAL LUIS A. CALVO,simus
641,Julian Silva,simus
642,Payambó,simus
643,Música Tradicional Chirimía ,simus
644,J E Y D A M,simus
645,C A L Y P S O  D A N C E,simus
646,LISETH SALGADO,simus
647,M AI  S T E V E N,simus
648,PETER DIAZ,simus
649,PINCELES Y CADERAS,simus
650,SEXT E TO ARTURO HERNANDEZ ,simus
651,S O N  J A R A,simus
652,BIG BAND ,simus
653,GABI CASTELLANOS,simus
654,SON CERETÉ,simus
655,"OSCAR "" J""",simus
656,SUPER COMBO LATINO,simus
657,FUNDACION MUSICAL BANDA JUVENIL DE SAN ANDRES ISLA ,simus
658,Agrupación Alborada,simus
659,banda estudiantil de música institución educativa nuestra señora del carmen,simus
660,BANDA INFANTIL PUERTO DEL MACIZO,simus
661,Diana Tovar ,simus
662,Mike Baron,simus
663,Coro infantil Apromucor,simus
664,Ensamble Vocal MACONDO ,simus
665,Vc4 (Vccuatro),simus
666,LA BANDA DE NAYO,simus
667,Hermanos Menores,simus
668,SoundSax Ensamble,simus
669,CORAL SOCIETAS ,simus
670,Orquesta de Camara Universidad de Cartagena,simus
671,Coro Infantil I.E San Lucas,simus
672,Sol Okarina,simus
673,Catalina Avila,simus
674,Mr. Klaje,simus
675,Kolectivo K,simus
676,Warabá,simus
677,Le Muá,simus
678,Juliana Reinat Piano Studio,simus
679,Franco Nicolau (Grupo),simus
680,Soporte Klan,simus
681,CORAL ELEAZAR TORREGLOSA,simus
682,Banda Sinfónica juvenil Luis Alberto Scarpetta de Gigante Huila  ,simus
683,Tambor Hembra,simus
684,Sin Ausencia ,simus
685,HANZ,simus
686,Banda Sinfónica Departamental de Nariño,simus
687,Martina Camargo y su grupo,simus
688,NUEVO JOROPO FEMENINO ,simus
689,Los Crankers,simus
690,Oriana Medina,simus
691,IVAN FRANCISCO PEDRAZA,simus
692,Asociación La Múcura,simus
693,fatsO,simus
694,Atlantico Big Band,simus
695,MANYOMA BROTHERS,simus
696,Prebanda sinfonica,simus
697,La-33,simus
698,DARKEMPIRE,simus
699,"El Maraveli, Literatura oral guitarra solista",simus
700,Coro Polifónico Nuevo Tolima,simus
701,Los Pangurbes,simus
702,CORDA ENSAMBLE,simus
703,Bozá,simus
704,CORO ALBERTO CARBONELL,simus
705,CORO INFANTIL JUVENIL PUERTO COLOMBIA,simus
706,Orquesta Salsa 220,simus
707,ESTACIÓN ESTELAR,simus
708,FUC,simus
709,Kanthores,simus
710,Coro de Cámara Voci del Mare,simus
711,Grupo Cagüinga,simus
712,Oscaryvan Garzon Trio,simus
713,Coral Brahms,simus
714,Banda Sinfónica Especial de Bello,simus
715,Coro Infantil-Juvenil,simus
716,Yarumo,simus
717,Aleteos,simus
718,Ensamble vocal scuilo,simus
719,GRUPO VALLENATO INFANTIL-CENTRO DE FORMACION LA JAGUA DE IBIRICO,simus
720,Dueto Cuellar Gutierrez,simus
721,GRUPO VALLENATO JUVENIL CENTRO DE FORMACION ARTISTICO  DE LA JAGUA DE IBIRICO,simus
722,ESCUELA DE FORMACION ARTISTICA Y CULTURAL LAS PALMITAS,simus
723,BANDA SINFÓNICA CENTRO DE FORMACION LA JAGUA DE IBIRICO,simus
724,TAMBOBANDA GUARUNDAIMO,simus
725,NIÑOS DEL VALLENATO DEL PASO CESAR,simus
726,BANDA SINFÓNICA DE BECERRIL,simus
727,DINASTIA LOS PINTOS,simus
728,Corporacion de musicos de la banda Bolivar de Túquerres,simus
729,Ensamble Pa'l Viento,simus
730,Capítulo Fin,simus
731,sxteto de clarinetes,simus
732,Show La Carranguerita ,simus
733,Viajaeras del Pentagrama ,simus
734,Laura Alejandra Chaparro Nossa ,simus
735,JACH´A MANTA,simus
736,LA SEVERA MATACERA,simus
737,Etnia Company ,simus
738,Banda Sinfónica Juvenil de la Escuela de Musica de Balboa,simus
739,Alejandra Dueñas,simus
740,Coro Panche de Mesitas,simus
741,Quinteto Sincopados,simus
742,OLIMPO HJ ,simus
743,Lemon Music,simus
744,Q2PLA,simus
745,"Mariachi ""Trompetas de Oro""",simus
746,ORGANIZACION MUSICAL LUCHO ROJAS,simus
747,MONARETA LATIN GROOVE,simus
748,CALIMAS TRIO MUSICAL,simus
749,Agrupacion musical LLANOMELAO,simus
750,Orquesta Juvenil Cuerdas Pulsadas de Villeta,simus
751,RAÍCES CIENAGUERAS ,simus
752,TRÍO DE CAUTRO,simus
753,HIjos Del Sol,simus
754,TRIO NUEVA IMAGEN,simus
755,ONDA NUEVA LLANERA ,simus
756,Mariachi Mayoral,simus
757,Estudiantina Con-Trastes,simus
758,GABRIEL CHAPARRO NOSSA ,simus
759,MÓRBIDO,simus
760,CANTARES TRIO,simus
761,OMAR Y MILLER LOS MUÑOZ DEL VALLENATO,simus
762,K-Pital Swing Producciones,simus
763,Los Alcaravanes de Ariporo,simus
764,Huari Runa,simus
765,CANAPIARE,simus
766,Canapiare_,simus
767,El Supersón Frailejónico,simus
768,El león Pardo,simus
769,Malanga Swing,simus
770,Ensamble Continuo,simus
771,Quinteto Antioqueño de Bronces,simus
772,SATORI TRÍO,simus
773,iomma,simus
774,Coral Gustavo Gómez Ardila,simus
775,Emci Rimas,simus
776,Beso De Negra,simus
777,Orquesta Madeira,simus
778,LA DOBLE A,simus
779,sinú sax quartet,simus
780,La Mambanegra,simus
781,"Orquesta ""S.D.C"" Son De Cuba",simus
782,Mariachi Clásico San Vicente,simus
783,Orquesta S.D.C Son De Cuba,simus
784,banda de Vientos del resguardo de san francisco,simus
785,BHAKTA PROJECT,simus
786,Explosion Negra,simus
787,Tres & Yo,simus
788,ENDER LEZAMA,simus
789,CORPORACION TUNA CONFRATERNIDAD,simus
790,GRISNOIR ACID CUMBIA,simus
791,GRISNOIR ACID CUMBIA,simus
792,BANDA DE MARCHA GUARDIA FANTASMA,simus
793,4to De Mente,simus
794,Nowhere Jazz Quintet,simus
795,La Gua Ensamble,simus
796,Café Urbano,simus
797,Asociación Camerata Vocal de Medellín,simus
798,"Grupo Cultural ""Los Chancos""",simus
799,ZEVIXIA,simus
800,Banda Imperial Amalfi Antioquia,simus
801,La Bailonga Tango,simus
802,Vientico de las cuatro,simus
803,CUARTETO ARCOS,simus
804,AGRUPACIÓN FOLCLÓRICA LOS CAGÜINGOS,simus
805,AGRUPACIÓN FOLCLÓRICA LOS CAGÜINGOS,simus
806,Millionaire Records,simus
807,Masái,simus
808,EXG Studio,simus
809,Sofa Beats,simus
810,Alqántara Latina,simus
811,Pájaros & Cuerdas,simus
812,Puntacandela,simus
813,apk,simus
814,Dixtorsion RP,simus
815,Cali Sunset,simus
816,Lyda Aguas,simus
817,Corpo só,simus
818,Luciferian,simus
819,Los muchachos de antes ,simus
820,Stereotheque,simus
821,Frente Cumbiero,simus
822,Sicotropico,simus
823,El Caribefunk,simus
824,Selvático,simus
825,Orquesta Filarmonica Infantil y Juvenil de la Universidad de Santander Udes,simus
826,Insurgencia Roots ,simus
827,PIANGUA,simus
828,Velásquez Violín,simus
829,Añoluz,simus
830,ASOCIACION CORO POLIFONICO DE GIRARDOT,simus
831,ReDmentes,simus
832,LILITH,simus
833,Alfonso Espriella ,simus
834,Ensamble Arsis,simus
835,Geometrika Studio ,simus
836,El Grupo Bicentenario,simus
837,MUSUX,simus
838,Mishu,simus
839,Grupo Bahía,simus
840,Juan David Mojica Quinteto,simus
841,Pégate al Parche,simus
842,Pinó Moré,simus
843,PLATAFORMA YAVERÍA,simus
844,LINA BABILONIA Y SON ANCESTROS,simus
845,Resonar Latino,simus
846,Sediff,simus
847,Anónimas y Resilientes; Voces del Bullerengue ,simus
848,BANDA FIESTERA DE SATIVANORTE,simus
849,LA PAYARA,simus
850,Colombian Flute Music on International Research,simus
851,Sonamos Ibagué,simus
852,BANDA SINFÓNICA DE SUBACHOQUE,simus
853,Boom-R ,simus
854,VERDE MONTE,simus
855,CUARTETO DE CLARINETES DE BOGOTÁ,simus
856,Nybram,simus
857,Defaced,simus
858,VITAM ET MORTEM,simus
859,CIRCUITO FRACTAL,simus
860,LA MÚSICA QUE NOS CONSTRUYE,simus
861,Byron Sánchez Cuarteto,simus
862,TIRATNZA,simus
863,Los Carrangomelos,simus
864,Alto Volumen,simus
865,VI-trola,simus
866,Velásquez violín ,simus
867,Cuarteto de Clarinetes CañaBrava,simus
868,Catalina Avila,simus
869,ConParsimonia,simus
870,XOL,simus
871,AFRIKAN SOUL,simus
872,JUAN IBARRA Y LOS CHUCUREÑOS,simus
873,Gran Encuentro de  Chelistas-Grupo constituido,simus
874,GRUPO SUMAI,simus
875,Agenciar,simus
876,OMACHA AMAZONAS,simus
877,La Gozadera,simus
878,SEPTON,simus
879,TIRATNZA / OPRA,simus
880,STALL,simus
881,Gordos project,simus
882,ILLARY,simus
883,Grupo Plinio Herrera,simus
884,ShamaFest,simus
885,Los Mangueras,simus
886,Corpojoven Cali,simus
887,BLACK WIDOW,simus
888,Hitcha Chibtukua - Tierra Caliente,simus
889,Makena Orquesta,simus
890,Colectivo Ciudad Sonora,simus
891,warrior sword,simus
892,monokuco,simus
893,ARTE PARA LA PAZ,simus
894,Ululato,simus
895,Cuatro Cañas,simus
896,Todopoderosa,simus
897,NEFILIM,simus
898,FOLKLORETA,simus
899,Carrera Quinta,simus
900,Orquesta nota trece ,simus
901,Kevin & My Lady,simus
902,Ocobo Music Festival,simus
903,ANDY NEUTA,simus
904,Sine Nomine,simus
905,Familia Eco Music Sound,simus
906,Corporacion Solarmonia,simus
907,Childén,simus
908,Orquesta Nota trece,simus
909,Sinapsis Band,simus
910,Intemperie,simus
911,FORXA,simus
912,Escuela  de Formación Musical San Andrés de Sotavento,simus
913,Sabor de Tambores,simus
914,Tahamies ,simus
915,Compae Bartolo,simus
916,La consentida,simus
917,Taruya,simus
918,Sinú Caribean ,simus
919,Malicia Indígena ,simus
920,Mayi C,simus
921,Fusión Gaitera,simus
922,DEAD SILENCE,simus
923,V FOR VOLUME,simus
924,Ultraloide,simus
925,C.R.A.beats,simus
926,La Filantrópika,simus
927,La Jungla Hip Hop,simus
928,ANDRES GALEANO,simus
929,DUETO HERNÁNDEZ Y REYES,simus
930,Latin Strings,simus
931,Pizza studio,simus
932,Nybram,simus
933,Aleteos,simus
934,Yarumo ,simus
935,Chami Jazz,simus
936,Julio Cadavid,simus
937,Bulla y tambó,simus
938,HRT Institucion educativa musica,simus
939,Sindikto Ant,simus
940,Grupo Musical 20/20,simus
941,Arbey Valencia Cuarteto ,simus
942,Latin Strings,simus
943,Univerbales,simus
944,Afrobatalarians,simus
945,Rumba show,simus
946,Brisas del Lemaya,simus
947,Crew Peligrosos,simus
948,Massdestruction,simus
949,Emeney,simus
950,Delay Music ,simus
951,Midriasis,simus
952,Banda Fiestera de Bojacá Cundinamarca ,simus
953,Charanga La Contundente,simus
954,BAMBURÈ ORQUESTA,simus
955,La Matuna Grupo Musical,simus
956,ORQUESTA TIPICA DE CAJICA,simus
957,8BM - 8Bits Memory,simus
958,Coro Cantores De Salgar,simus
959,JUVENTUD CARRANGUERA,simus
960,LOS SUPREMOS,simus
961,Los de Ruana,simus
962,Ensamble de Clarinetes ASAB,simus
963,Trombones del Caribe ,simus
964,The Pervers Blues ,simus
965,Los Milindrinos,simus
966,EDWAR MARTINEZ,simus
967,orquesta show impacto latino ,simus
968,LA PROFESION BANDA,simus
969,DEEP SILENT,simus
970,CORPORACION KUISITAMBÓ,simus
971,K-AIRES FUSION,simus
972,HERENCIA CAMPESINA,simus
973,Conjunto Colombiano de Flautas Frans Brüggen,simus
974,Bogota Banda Show ,simus
975,Los Malkavian,simus
976,La Clave Orquesta,simus
977,Coral Uniamazonia,simus
978,La Mecha,simus
979,Sincretismo,simus
980,EL FLACO DE LA SALSA,simus
981,Conjunto Bata,simus
982,COSA BRAVA,simus
983,Son Fusión Orquesta,simus
984,Eywa,simus
985,Show Alto Rango,simus
986,Arrabalero,simus
987,Los Ases de la Parranda,simus
988,Revolucion Femenina,simus
989,Ëda,simus
990,Viteria,simus
991,CORO DE CÁMARA UNIVERSIDAD DE MEDELLÍN,simus
992,PRE BANDA INFANTIL PUERTO DEL MACIZO,simus
993,Ritmo Afro ,simus
994,Alexis Quejada Perea ,simus
995,Felisa,simus
996,RAÍCES TUMAQUEÑAS,simus
997,Grupo Ibanasca,simus
998,Iskay,simus
999,Maderas Al Viento,simus
1000,Bembe Chirimia,simus
1001,PAPÁ BOCÓ,simus
1002,WILD FENRIR,simus
1003,Juventino Ojito y su Son Mocaná,simus
1004,RUMBAMBUQUIANDO,simus
1005,dmaicol,simus
1006,CAMPO ALEGRE,simus
1007,Voces de la Marea,simus
1008,CONJUNTO HABANERO,simus
1009,Feed Blak,simus
1010,fuerza afro,simus
1011,Agrupación Guarura,simus
1012,La Real del Sonido,simus
1013,Trío Nuestra Herencia,simus
1014,INGUNA,simus
1015,Marlon Y Yendi,simus
1016,SASBEQUIA,simus
1017,ARDE PUEBLO,simus
1018,La Real del Sonido,simus
1019,Cantoría Cuarto Menguante,simus
1020,Laboratorio Voces&Movimientos,simus
1021,OCUPANTE,simus
1022,Cuarteto de Guitarras QUI74R,simus
1023,Manuel Castellanos Manigua Colombia,simus
1024,Boom Alakran,simus
1025,"BANDA SINFÓNICA ""SALESIANA DEL NIÑO JESÚS""",simus
1026,CORO ENCANTO,simus
1027,Merender Swing,simus
1028,Boica Dúo,simus
1029,Cronotopías,simus
1030,Agrupación musical La Panela,simus
1031,Orquesta de Tango Cambalache,simus
1032,Agatha I,simus
1033,Electric Sasquatch,simus
1034,Dueto Ilusión,simus
1035,Arrabalero,simus
1036,Los Hermanos Aicardi,simus
1037,Equipo Rock al Sistema,simus
1038,Ensamble Alfabeto,simus
1039,Dúo Sonoridades,simus
1040,De Lurio,simus
1041,Coro Sirenas,simus
1042,Radio 69,simus
1043,JUGLAR ORQUESTA,simus
1044,SURICATO,simus
1045,ZURTERRANEO,simus
1046,Laboratorio Vocal Voces & Movimientos ,simus
1047,LICHT DES ENDES,simus
1048,Colectivo La Puerta Mágica,simus
1049,La Popular Banda,simus
1050,Orquesta Fascinacion,simus
1051,Banda Departamental del Valle del Cauca,simus
1052,Dúo Betancur-Orduz,simus
1053,Elvira y la TriEtnia,simus
1054,ESTUDIANTINA DE LA CASA DE LA CULTURA FIDEL CANO GUTIÉRREZ,simus
1055,BANDA SINFÓNICA INFANTIL DE SAN PEDRO DE LOS MILAGROS,simus
1056,Beltane Compañía Artística,simus
1057,Son del Mundo Infantil,simus
1058,Carrera Quinta,simus
1059,COLOMBIABEAT,simus
1060,Coro Juvenil Agnusingers ,simus
1061,cultura Vallenata,simus
1062,Cinemacinco,simus
1063,Orquesta Nucleo Sinfonico Infantil - Juvenil EL Milagro,simus
1064,Joropo sin Fronteras,simus
1065,HERMANOS CARRANZA,simus
1066,CANAPIARE Joropo Alternativo,simus
1067,Alejandro Santa,simus
1068,Radiocaliente,simus
1069,Tribu Baharú,simus
1070,Music Style,simus
1071,5Pa'l Mundo,simus
1072,Harawí,simus
1073,Los Guatis,simus
1074,Moreno Kunzá,simus
1075,SHAKEMA CREW,simus
1076,Rock and rolla band,simus
1077,Witches Sacrifice,simus
1078,TIMANÁ,simus
1079,GRUPO FOLCLORICO LOS MATAMBEROS,simus
1080,GRUPO FOLCLORICO LOS MATAMBITOS,simus
1081,GRUPO DE MUSICA CAMPESINA CARRANGUITA SOY,simus
1082,Amnesia,simus
1083,ÄRKHANON,simus
1084,SENTENCIA MORTAL,simus
1085,BLACK-VISION,simus
1086,SUPREMACÍA ,simus
1087,Lombana ,simus
1088,Acustrio+,simus
1089,Metal Sevicia,simus
1090,Martes,simus
1091,Dub Dother Dain,simus
1092,Ensamble sonoro,simus
1093,ZARNA,simus
1094,BANDA MUNICIPAL DE FILANDIA QUINDIO,simus
1095,monster cake,simus
1096,LA ROLA ROCK AND ROLL AND BLUES,simus
1097,LOS SMOKERS,simus
1098,Agua Brava,simus
1099,Ensamble de Percusión SAETA,simus
1100,MULA,simus
1101,Tribu Baharú ,simus
1102,Cuarteto de saxofones Basax,simus
1103,Desmanes,simus
1104,THRASHGRESION,simus
1105,Chontadelia,simus
1106,F-31,simus
1107,Totó La Momposina,simus
1108,AFROKUISI MUSICAS DEL MUNDO,simus
1109,De Bruces A Mí ,simus
1110,Mariazú,simus
1111,Real Charanga,simus
1112,Velo de Oza,simus
1113,DOCTOR KRAPULA,simus
1114,Majagua Ensamble,simus
1115,La Gran Chócolo,simus
1116,Ashes,simus
1117,jazcko,simus
1118,sonidos cautivos,simus
1119,Terminal War,simus
1120,KRIEGSOPFER,simus
1121,Salvaguardia Hardcore ,simus
1122,LA MOÑA,simus
1123,Toxico,simus
1124,JAY BLAD,simus
1125,MAL TERCIO,simus
1126,JAZCKO,simus
1127,Vara Sonora,simus
1128,SONIDOS CAUTIVOS ,simus
1129,THRASHGRESION,simus
1130,Marcela Pardo,simus
1131,OverHell,simus
1132,DJ Bes,simus
1133,MC Rocko Sinfonia Clandestina,simus
1134,Nicky Borrero Y Su Bloke Latino,simus
1135,VOCES OCULTAS ,simus
1136,Carpal HH,simus
1137,ZICOSIS,simus
1138,ATAVI metal,simus
1139,VoxPopuli,simus
1140,Delirium DSM,simus
1141,Papayera el paujil,simus
1142,NEWBRAINS,simus
1143,El buen canto,simus
1144,Trío arco y tiple,simus
1145,Unidad Reggae ,simus
1146,ORQUESTA DE CUERDAS INFANTIL Y JUVENIL DEL MUNICIPIO DE SOACHA,simus
1147,Agrupación Iniciación musical con enfoque Orff,simus
1148,Los Trinantes,simus
1149,Los Alegres Paujileños,simus
1150,GENERAL BONG,simus
1151,Pentagrama Parrandero,simus
1152,Renacer Campesino,simus
1153,Son del Guaitiquia,simus
1154,SON PALO VERDE,simus
1155,FUNDACION ORQUESTA SINFONICA JOVEN DE NARIÑO,simus
1156,WILSON Y SUS ESTRELLAS,simus
1157,BANDA ESCUELA DE MÚSICA GUADALUPANA,simus
1158,BADTRIP,simus
1159,Sonora Polifónica,simus
1160,Los caminantes de la Carranga,simus
1161,2H Familia,simus
1162,LOS PESAOS DE LA CLAVE,simus
1163,sublime mistery,simus
1164,ZonaCeroRap,simus
1165,pepito perez,simus
1166,DJ ART,simus
1167,Agrupación fu-son,simus
1168,Clasicos del Vallenato,simus
1169,Violín Irlandés,simus
1170,Morfonia,simus
1171,ALMA DE COLOMBIA,simus
1172,Ensamble Latino Colombia,simus
1173,ORGANIZACIÓN NEUMA,simus
1174,Sexteto Son del Amanecer,simus
1175,Sexteto Son del Amanecer,simus
1176,Tkila,simus
1177,EL REY DE LA VIEJOTECA,simus
1178,ORQUESTA LA CENTRAL,simus
1179,orquesta la central,simus
1180,Fálikos,simus
1181,TRAVEL ROCK FUSION,simus
1182,BIG FIVE MUSIC,simus
1183,Alejo Galeano,simus
1184,Agrupación Juvenil Los Hijos del Pueblo,simus
1185,Ministerio Musical Shajah,simus
1186,El Caribefunk,simus
1187,Corsarios Marching Band,simus
1188,Ministerio Duc In Altum,simus
1189,TRISHAGIÓN BAND,simus
1190,COMPAÑÍA DE MARCHA 436,simus
1191,"Fundación Musical Cacique Tundama ""Fumucatu Marching Band""",simus
1192,BANDA RITMICA SAN MIGUL ARCANGEL ,simus
1193,Semillas de mi tierra,simus
1194,Muistelmat,simus
1195,Espeletia,simus
1196,Pasocanela,simus
1197,Poesie,simus
1198,Viajeros,simus
1199,SANIUS,simus
1200,Banda del BASPC29 Popayán,simus
1201,La Furruska,simus
1202,Sereno,simus
1203,Desierto Sonora,simus
1204,RITMO SABANERO DE COLOMBIA,simus
1205,La Muralla Vallenata,simus
1206,Ensamble Coromático,simus
1207,Gran Banda 26 de Juliio,simus
1208,Ensamble Cuyabro de Clarinetes ,simus
1209,Rokamandú ,simus
1210,Perros sin Raza Banda,simus
1211,KUBANDE ORQUESTA,simus
1212,Broken Accidentally Dreams,simus
1213,Corporacion Orquesta Juvenil de Cámara,simus
1214,ESCUELA DE MÚSICA JESÚS ÁNGEL GONZÁLEZ ARIAS,simus
1215,EL VIAJE REGGAE ,simus
1216,Da Butten Folk,simus
1217,Frecuencia Voodoo,simus
1218,Apolo Marching Band,simus
1219,SO FUNKY,simus
1220,"Golpe, Son y Tambó",simus
1221,Proceso de Canto y coro de El Colegio,simus
1222,ECOVOCAL ENSAMBLE,simus
1223, SURVOCAL ENSAMBLE,simus
1224,Escuela de Música de Chivor,simus
1225,CORPORACION ESPIRITU DE BOYACA,simus
1226,Jesús Alejandro Sánchez Peña (Solista de Requinto y Bandola),simus
1227,CUARTETO INSTRUMENTAL SUATY,simus
1228,Banda Tradicional Gutiérrez Cundinamarca,simus
1229,Escuela de Cuerdas Gutiérrez Cundinamarca,simus
1230,ENSAMBLE ARSIS,simus
1231,Ensamble ARCOB,simus
1232,GRUPO MUSICAL VIDA Y ARMONÍA,simus
1233,Runakam,simus
1234,Orquesta Sinfónica de Piendamó,simus
1235,Banda sinfonica Juvenil de Piendamó,simus
1236,Banda Inicical de Piendamó,simus
1237,Orquesta de Cuerdas de Piendamó,simus
1238,Pre orquesta de Cuerdas,simus
1239,Semillero escuela Municipal de música de Piendamó,simus
1240,Chirimia del Pacifico Colombiano,simus
1241,ESCUELA DE FORMACION MUSICAL PAEZ VIVE ,simus
1242,Pal' Lereo Pabla,simus
1243,Mar a fuera ,simus
